{
    "accuracy": 0.7931256023128814,
    "precision": 0.7818181818181819,
    "recall": 0.7962962962962963,
    "auc": 0.8704845929627316
}