{
    "accuracy": 0.785737230966913,
    "precision": 0.776686313032089,
    "recall": 0.7843915343915344,
    "auc": 0.8691692774687778
}